order_id,customer,order_time,priority,status,sku,quantity,deadline,courier
ORD1001,Customer 004,2026-10-06 18:14:34.760820,HIGH,PICKING,SKU001,3,2026-10-06 22:35:34.764838,Courier C
ORD1002,Customer 014,2026-10-06 18:42:34.760820,HIGH,PROCESSING,SKU001,1,2026-10-06 23:50:34.764838,Courier C
ORD1003,Customer 018,2026-10-06 16:25:34.760820,HIGH,PICKING,SKU007,3,2026-10-07 00:05:34.764838,Courier C
ORD1004,Customer 014,2026-10-06 23:15:34.760820,NORMAL,STAGED,SKU006,3,2026-10-07 03:20:34.764838,Courier B
ORD1005,Customer 020,2026-10-06 22:21:34.760820,HIGH,PACKING,SKU005,1,2026-10-07 00:10:34.764838,Courier C
ORD1006,Customer 020,2026-10-06 22:38:34.762832,HIGH,RECEIVED,SKU006,5,2026-10-07 03:25:34.762832,Courier A
ORD1007,Customer 004,2026-10-06 21:57:34.762832,NORMAL,PICKING,SKU007,3,2026-10-07 06:37:34.762832,Courier C
ORD1008,Customer 003,2026-10-06 21:51:34.762832,NORMAL,PROCESSING,SKU010,2,2026-10-07 07:04:34.762832,Courier C
ORD1009,Customer 008,2026-10-06 17:00:34.762832,HIGH,RECEIVED,SKU006,1,2026-10-07 01:33:34.762832,Courier C
ORD1010,Customer 011,2026-10-06 22:04:34.762832,NORMAL,PACKING,SKU004,4,2026-10-07 06:55:34.762832,Courier C
ORD1011,Customer 009,2026-10-06 21:06:34.762832,NORMAL,PACKING,SKU010,4,2026-10-06 22:30:34.762832,Courier C
ORD1012,Customer 016,2026-10-06 18:10:34.762832,NORMAL,PROCESSING,SKU002,1,2026-10-07 00:02:34.762832,Courier C
ORD1013,Customer 003,2026-10-06 19:04:34.762832,NORMAL,PACKING,SKU007,4,2026-10-06 23:03:34.762832,Courier C
ORD1014,Customer 004,2026-10-06 23:02:34.762832,NORMAL,PICKING,SKU009,3,2026-10-07 04:20:34.762832,Courier C
ORD1015,Customer 009,2026-10-06 16:40:34.762832,NORMAL,RECEIVED,SKU009,2,2026-10-07 06:52:34.762832,Courier C
ORD1016,Customer 007,2026-10-06 16:21:34.762832,NORMAL,STAGED,SKU003,3,2026-10-07 01:58:34.762832,Courier B
ORD1017,Customer 016,2026-10-06 22:17:34.762832,NORMAL,PICKING,SKU001,1,2026-10-07 05:25:34.762832,Courier A
ORD1018,Customer 016,2026-10-06 17:50:34.762832,NORMAL,PROCESSING,SKU002,5,2026-10-06 22:23:34.762832,Courier B
ORD1019,Customer 017,2026-10-06 16:34:34.762832,NORMAL,STAGED,SKU010,4,2026-10-07 06:39:34.762832,Courier B
ORD1020,Customer 012,2026-10-06 22:16:34.762832,NORMAL,PROCESSING,SKU008,5,2026-10-07 05:55:34.762832,Courier A
ORD1021,Customer 019,2026-10-06 22:16:34.762832,HIGH,RECEIVED,SKU004,1,2026-10-06 21:41:34.762832,Courier A
ORD1022,Customer 017,2026-10-06 19:12:34.762832,NORMAL,PROCESSING,SKU004,3,2026-10-07 00:11:34.762832,Courier C
ORD1023,Customer 016,2026-10-06 23:14:34.762832,NORMAL,PROCESSING,SKU004,4,2026-10-07 03:47:34.762832,Courier B
ORD1024,Customer 015,2026-10-06 16:25:34.762832,HIGH,PICKING,SKU001,1,2026-10-07 02:32:34.762832,Courier C
ORD1025,Customer 015,2026-10-06 21:25:34.762832,HIGH,PACKING,SKU003,4,2026-10-06 21:12:34.762832,Courier C
ORD1026,Customer 004,2026-10-06 16:26:34.762832,NORMAL,RECEIVED,SKU001,5,2026-10-07 04:51:34.762832,Courier B
ORD1027,Customer 007,2026-10-06 20:04:34.762832,HIGH,RECEIVED,SKU007,1,2026-10-06 21:09:34.762832,Courier B
ORD1028,Customer 014,2026-10-06 22:17:34.762832,HIGH,PICKING,SKU009,4,2026-10-07 05:23:34.762832,Courier C
ORD1029,Customer 011,2026-10-06 16:47:34.762832,NORMAL,STAGED,SKU001,1,2026-10-07 05:25:34.762832,Courier A
ORD1030,Customer 003,2026-10-06 20:13:34.762832,NORMAL,PROCESSING,SKU010,1,2026-10-06 20:40:34.762832,Courier A
ORD1031,Customer 019,2026-10-06 17:43:34.762832,NORMAL,PACKING,SKU010,1,2026-10-07 04:19:34.762832,Courier B
ORD1032,Customer 007,2026-10-06 17:39:34.762832,NORMAL,PROCESSING,SKU006,2,2026-10-07 04:19:34.762832,Courier A
ORD1033,Customer 001,2026-10-06 22:46:34.762832,NORMAL,RECEIVED,SKU008,5,2026-10-07 03:28:34.762832,Courier B
ORD1034,Customer 003,2026-10-06 16:46:34.762832,NORMAL,PACKING,SKU004,3,2026-10-07 00:14:34.762832,Courier C
ORD1035,Customer 017,2026-10-06 22:04:34.762832,NORMAL,RECEIVED,SKU001,5,2026-10-07 02:07:34.762832,Courier C
ORD1036,Customer 005,2026-10-06 21:37:34.762832,NORMAL,PICKING,SKU005,3,2026-10-07 03:52:34.762832,Courier B
ORD1037,Customer 009,2026-10-06 23:20:34.762832,NORMAL,PICKING,SKU001,1,2026-10-07 03:00:34.762832,Courier B
ORD1038,Customer 006,2026-10-06 23:13:34.762832,NORMAL,STAGED,SKU008,5,2026-10-07 07:17:34.762832,Courier A
ORD1039,Customer 018,2026-10-06 20:12:34.762832,NORMAL,PROCESSING,SKU001,3,2026-10-07 04:17:34.762832,Courier A
ORD1040,Customer 012,2026-10-06 16:45:34.762832,NORMAL,PICKING,SKU004,2,2026-10-07 00:01:34.762832,Courier C
ORD1041,Customer 005,2026-10-06 20:19:34.762832,NORMAL,PROCESSING,SKU004,2,2026-10-07 04:10:34.762832,Courier B
ORD1042,Customer 008,2026-10-06 19:25:34.762832,NORMAL,RECEIVED,SKU005,2,2026-10-07 04:34:34.762832,Courier A
ORD1043,Customer 015,2026-10-06 22:19:34.762832,NORMAL,PROCESSING,SKU006,3,2026-10-07 04:41:34.762832,Courier B
ORD1044,Customer 003,2026-10-06 17:27:34.762832,NORMAL,PACKING,SKU005,3,2026-10-07 01:27:34.762832,Courier B
ORD1045,Customer 006,2026-10-06 19:58:34.762832,HIGH,STAGED,SKU010,3,2026-10-06 23:55:34.762832,Courier B
ORD1046,Customer 020,2026-10-06 22:04:34.762832,NORMAL,STAGED,SKU009,1,2026-10-07 04:20:34.762832,Courier C
ORD1047,Customer 018,2026-10-06 19:00:34.762832,NORMAL,PICKING,SKU004,3,2026-10-07 02:06:34.762832,Courier B
ORD1048,Customer 017,2026-10-06 19:12:34.762832,NORMAL,PICKING,SKU005,4,2026-10-07 06:44:34.762832,Courier C
ORD1049,Customer 006,2026-10-06 17:20:34.762832,NORMAL,STAGED,SKU010,5,2026-10-07 02:47:34.762832,Courier C
ORD1050,Customer 020,2026-10-06 18:50:34.762832,NORMAL,PROCESSING,SKU006,4,2026-10-06 23:45:34.762832,Courier C
ORD1051,Customer 003,2026-10-06 21:15:34.762832,NORMAL,STAGED,SKU005,5,2026-10-06 23:50:34.762832,Courier C
ORD1052,Customer 010,2026-10-06 21:50:34.762832,HIGH,RECEIVED,SKU004,2,2026-10-07 07:24:34.762832,Courier B
ORD1053,Customer 014,2026-10-06 19:55:34.762832,NORMAL,PACKING,SKU010,2,2026-10-07 07:04:34.762832,Courier A
ORD1054,Customer 004,2026-10-06 20:17:34.762832,HIGH,STAGED,SKU007,2,2026-10-07 07:27:34.762832,Courier B
ORD1055,Customer 005,2026-10-06 20:32:34.762832,NORMAL,STAGED,SKU008,5,2026-10-07 00:14:34.762832,Courier C
ORD1056,Customer 017,2026-10-06 17:25:34.762832,NORMAL,PROCESSING,SKU007,5,2026-10-07 04:08:34.762832,Courier A
ORD1057,Customer 009,2026-10-06 20:16:34.762832,NORMAL,PICKING,SKU009,4,2026-10-06 23:50:34.762832,Courier B
ORD1058,Customer 011,2026-10-06 21:56:34.762832,HIGH,PROCESSING,SKU006,5,2026-10-07 06:33:34.762832,Courier A
ORD1059,Customer 014,2026-10-06 23:07:34.762832,NORMAL,PACKING,SKU007,3,2026-10-06 23:59:34.762832,Courier C
ORD1060,Customer 001,2026-10-06 20:32:34.762832,NORMAL,PICKING,SKU010,4,2026-10-07 07:46:34.762832,Courier C
ORD1061,Customer 018,2026-10-06 19:49:34.762832,NORMAL,PICKING,SKU010,2,2026-10-07 04:02:34.762832,Courier C
ORD1062,Customer 013,2026-10-06 19:19:34.762832,NORMAL,STAGED,SKU003,4,2026-10-06 20:34:34.762832,Courier C
ORD1063,Customer 001,2026-10-06 22:17:34.762832,HIGH,PACKING,SKU002,4,2026-10-07 03:33:34.762832,Courier B
ORD1064,Customer 011,2026-10-06 20:27:34.762832,NORMAL,PACKING,SKU006,4,2026-10-07 02:07:34.762832,Courier C
ORD1065,Customer 002,2026-10-06 17:19:34.762832,NORMAL,RECEIVED,SKU006,2,2026-10-06 22:14:34.762832,Courier A
ORD1066,Customer 020,2026-10-06 19:07:34.762832,HIGH,RECEIVED,SKU003,2,2026-10-07 04:09:34.762832,Courier B
ORD1067,Customer 006,2026-10-06 16:28:34.762832,NORMAL,RECEIVED,SKU010,5,2026-10-07 03:26:34.762832,Courier C
ORD1068,Customer 001,2026-10-06 19:35:34.762832,NORMAL,PACKING,SKU005,5,2026-10-07 06:04:34.762832,Courier C
ORD1069,Customer 008,2026-10-06 17:13:34.762832,NORMAL,STAGED,SKU002,3,2026-10-07 00:11:34.762832,Courier A
ORD1070,Customer 012,2026-10-06 18:39:34.762832,NORMAL,RECEIVED,SKU009,4,2026-10-07 07:46:34.762832,Courier B
ORD1071,Customer 004,2026-10-06 18:11:34.762832,NORMAL,PACKING,SKU007,3,2026-10-07 06:53:34.762832,Courier C
ORD1072,Customer 009,2026-10-06 19:28:34.762832,NORMAL,PACKING,SKU010,5,2026-10-06 23:52:34.762832,Courier B
ORD1073,Customer 008,2026-10-06 16:51:34.762832,NORMAL,PROCESSING,SKU002,3,2026-10-07 06:44:34.762832,Courier B
ORD1074,Customer 001,2026-10-06 20:29:34.762832,HIGH,PROCESSING,SKU008,3,2026-10-07 04:16:34.762832,Courier C
ORD1075,Customer 009,2026-10-06 23:05:34.762832,NORMAL,PROCESSING,SKU009,1,2026-10-07 00:06:34.762832,Courier C
ORD1076,Customer 008,2026-10-06 23:02:34.762832,NORMAL,RECEIVED,SKU008,4,2026-10-07 06:35:34.762832,Courier B
ORD1077,Customer 019,2026-10-06 19:33:34.762832,NORMAL,PICKING,SKU006,4,2026-10-07 04:04:34.762832,Courier B
ORD1078,Customer 009,2026-10-06 21:13:34.762832,HIGH,PROCESSING,SKU005,3,2026-10-07 00:19:34.762832,Courier A
ORD1079,Customer 007,2026-10-06 16:47:34.762832,NORMAL,STAGED,SKU004,4,2026-10-07 02:13:34.762832,Courier A
ORD1080,Customer 010,2026-10-06 17:46:34.762832,HIGH,RECEIVED,SKU004,3,2026-10-07 01:23:34.762832,Courier C
ORD1081,Customer 010,2026-10-06 19:02:34.762832,HIGH,RECEIVED,SKU003,4,2026-10-07 04:41:34.762832,Courier A
ORD1082,Customer 002,2026-10-06 19:49:34.762832,HIGH,RECEIVED,SKU005,4,2026-10-07 07:03:34.762832,Courier A
ORD1083,Customer 005,2026-10-06 22:13:34.762832,NORMAL,RECEIVED,SKU003,5,2026-10-07 04:58:34.762832,Courier C
ORD1084,Customer 020,2026-10-06 20:25:34.762832,NORMAL,PACKING,SKU004,5,2026-10-07 04:39:34.762832,Courier C
ORD1085,Customer 020,2026-10-06 17:07:34.762832,NORMAL,RECEIVED,SKU001,5,2026-10-07 04:02:34.762832,Courier A
ORD1086,Customer 006,2026-10-06 22:54:34.762832,NORMAL,PROCESSING,SKU004,2,2026-10-07 05:50:34.762832,Courier B
ORD1087,Customer 002,2026-10-06 22:37:34.762832,NORMAL,PACKING,SKU004,3,2026-10-07 04:10:34.762832,Courier C
ORD1088,Customer 019,2026-10-06 18:11:34.762832,HIGH,PROCESSING,SKU004,4,2026-10-06 22:29:34.762832,Courier A
ORD1089,Customer 002,2026-10-06 20:52:34.762832,NORMAL,STAGED,SKU003,3,2026-10-07 06:39:34.762832,Courier C
ORD1090,Customer 013,2026-10-06 22:42:34.762832,NORMAL,PACKING,SKU005,5,2026-10-07 05:07:34.762832,Courier B
ORD1091,Customer 020,2026-10-06 19:19:34.762832,HIGH,STAGED,SKU005,1,2026-10-06 21:57:34.762832,Courier C
ORD1092,Customer 002,2026-10-06 21:09:34.762832,NORMAL,PACKING,SKU003,4,2026-10-06 21:14:34.762832,Courier C
ORD1093,Customer 016,2026-10-06 20:38:34.762832,NORMAL,PICKING,SKU002,4,2026-10-07 02:41:34.762832,Courier B
ORD1094,Customer 016,2026-10-06 22:51:34.762832,NORMAL,STAGED,SKU005,4,2026-10-07 03:40:34.762832,Courier A
ORD1095,Customer 013,2026-10-06 19:54:34.762832,NORMAL,STAGED,SKU009,1,2026-10-07 05:43:34.762832,Courier C
ORD1096,Customer 016,2026-10-06 21:21:34.762832,HIGH,STAGED,SKU008,1,2026-10-07 06:51:34.762832,Courier A
ORD1097,Customer 001,2026-10-06 19:20:34.762832,NORMAL,PICKING,SKU010,2,2026-10-07 01:34:34.762832,Courier A
ORD1098,Customer 015,2026-10-06 18:35:34.762832,NORMAL,PICKING,SKU002,2,2026-10-07 07:50:34.762832,Courier B
ORD1099,Customer 008,2026-10-06 18:48:34.762832,HIGH,PROCESSING,SKU008,5,2026-10-06 23:43:34.762832,Courier A
ORD1100,Customer 009,2026-10-06 20:28:34.762832,NORMAL,STAGED,SKU007,3,2026-10-07 06:39:34.762832,Courier C
ORD1101,Customer 019,2026-10-06 20:59:34.762832,NORMAL,PACKING,SKU008,2,2026-10-07 05:44:34.762832,Courier B
ORD1102,Customer 011,2026-10-06 16:31:34.762832,NORMAL,PROCESSING,SKU004,2,2026-10-07 04:07:34.762832,Courier B
ORD1103,Customer 013,2026-10-06 21:48:34.762832,NORMAL,RECEIVED,SKU007,2,2026-10-06 21:41:34.762832,Courier A
ORD1104,Customer 015,2026-10-06 18:11:34.762832,NORMAL,RECEIVED,SKU002,5,2026-10-07 06:29:34.762832,Courier A
ORD1105,Customer 016,2026-10-06 18:15:34.762832,NORMAL,PACKING,SKU005,3,2026-10-07 00:18:34.762832,Courier C
ORD1106,Customer 013,2026-10-06 19:16:34.762832,NORMAL,RECEIVED,SKU006,4,2026-10-07 07:18:34.762832,Courier B
ORD1107,Customer 008,2026-10-06 20:10:34.762832,NORMAL,RECEIVED,SKU002,4,2026-10-07 01:22:34.762832,Courier B
ORD1108,Customer 002,2026-10-06 21:47:34.762832,NORMAL,PROCESSING,SKU005,3,2026-10-07 07:10:34.762832,Courier A
ORD1109,Customer 006,2026-10-06 18:37:34.762832,NORMAL,PACKING,SKU003,1,2026-10-07 05:29:34.762832,Courier A
ORD1110,Customer 015,2026-10-06 16:51:34.762832,NORMAL,RECEIVED,SKU005,4,2026-10-06 20:46:34.762832,Courier A
ORD1111,Customer 003,2026-10-06 17:53:34.762832,NORMAL,PICKING,SKU008,3,2026-10-07 05:14:34.762832,Courier B
ORD1112,Customer 007,2026-10-06 18:58:34.762832,HIGH,PACKING,SKU007,4,2026-10-07 06:38:34.762832,Courier A
ORD1113,Customer 013,2026-10-06 18:33:34.762832,NORMAL,RECEIVED,SKU005,1,2026-10-07 04:09:34.762832,Courier A
ORD1114,Customer 020,2026-10-06 20:37:34.762832,NORMAL,STAGED,SKU006,2,2026-10-07 00:17:34.762832,Courier C
ORD1115,Customer 005,2026-10-06 22:43:34.762832,NORMAL,PACKING,SKU002,1,2026-10-07 02:25:34.762832,Courier B
ORD1116,Customer 011,2026-10-06 20:47:34.762832,HIGH,STAGED,SKU007,2,2026-10-07 04:13:34.762832,Courier A
ORD1117,Customer 009,2026-10-06 17:13:34.762832,NORMAL,PICKING,SKU008,3,2026-10-07 01:29:34.762832,Courier A
ORD1118,Customer 013,2026-10-06 23:04:34.762832,HIGH,PACKING,SKU009,3,2026-10-07 04:43:34.762832,Courier C
ORD1119,Customer 009,2026-10-06 22:37:34.762832,NORMAL,PICKING,SKU010,4,2026-10-07 01:59:34.762832,Courier C
ORD1120,Customer 011,2026-10-06 18:01:34.762832,NORMAL,PACKING,SKU010,2,2026-10-07 01:28:34.762832,Courier A
ORD1121,Customer 002,2026-10-06 19:12:34.762832,HIGH,PROCESSING,SKU005,4,2026-10-07 04:02:34.762832,Courier C
ORD1122,Customer 018,2026-10-06 19:39:34.762832,NORMAL,PROCESSING,SKU007,5,2026-10-07 04:59:34.762832,Courier B
ORD1123,Customer 009,2026-10-06 21:26:34.762832,HIGH,PACKING,SKU001,3,2026-10-07 06:43:34.762832,Courier C
ORD1124,Customer 012,2026-10-06 16:28:34.762832,NORMAL,RECEIVED,SKU001,4,2026-10-07 06:33:34.762832,Courier C
ORD1125,Customer 020,2026-10-06 21:30:34.762832,NORMAL,PROCESSING,SKU001,1,2026-10-07 02:13:34.762832,Courier C
ORD1126,Customer 007,2026-10-06 20:31:34.762832,NORMAL,PROCESSING,SKU010,2,2026-10-07 05:20:34.762832,Courier B
ORD1127,Customer 005,2026-10-06 22:38:34.762832,NORMAL,PROCESSING,SKU003,5,2026-10-06 23:43:34.762832,Courier A
ORD1128,Customer 012,2026-10-06 21:17:34.762832,NORMAL,PROCESSING,SKU004,5,2026-10-07 04:53:34.762832,Courier A
ORD1129,Customer 003,2026-10-06 19:14:34.762832,NORMAL,STAGED,SKU008,4,2026-10-07 02:59:34.762832,Courier A
ORD1130,Customer 017,2026-10-06 22:50:34.762832,NORMAL,RECEIVED,SKU005,4,2026-10-07 00:02:34.762832,Courier C
ORD1131,Customer 004,2026-10-06 20:42:34.762832,HIGH,RECEIVED,SKU008,4,2026-10-07 02:37:34.762832,Courier C
ORD1132,Customer 019,2026-10-06 19:02:34.762832,NORMAL,STAGED,SKU009,3,2026-10-07 05:47:34.762832,Courier A
ORD1133,Customer 004,2026-10-06 19:59:34.762832,NORMAL,PROCESSING,SKU009,2,2026-10-07 00:00:34.762832,Courier B
ORD1134,Customer 004,2026-10-06 21:11:34.762832,NORMAL,PICKING,SKU006,4,2026-10-07 04:24:34.762832,Courier A
ORD1135,Customer 003,2026-10-06 17:12:34.762832,HIGH,PICKING,SKU002,4,2026-10-07 05:55:34.762832,Courier C
ORD1136,Customer 011,2026-10-06 16:22:34.762832,NORMAL,PACKING,SKU002,4,2026-10-06 23:53:34.762832,Courier C
ORD1137,Customer 010,2026-10-06 21:38:34.762832,NORMAL,PROCESSING,SKU006,1,2026-10-07 07:26:34.762832,Courier B
ORD1138,Customer 018,2026-10-06 21:29:34.762832,NORMAL,STAGED,SKU006,1,2026-10-07 06:09:34.762832,Courier C
ORD1139,Customer 020,2026-10-06 23:09:34.762832,NORMAL,PICKING,SKU009,1,2026-10-07 07:39:34.762832,Courier B
ORD1140,Customer 012,2026-10-06 17:55:34.762832,NORMAL,STAGED,SKU001,2,2026-10-07 07:00:34.762832,Courier A
ORD1141,Customer 003,2026-10-06 21:10:34.762832,NORMAL,PACKING,SKU009,2,2026-10-07 06:40:34.762832,Courier C
ORD1142,Customer 020,2026-10-06 22:37:34.762832,HIGH,STAGED,SKU002,1,2026-10-07 05:02:34.762832,Courier B
ORD1143,Customer 016,2026-10-06 16:48:34.762832,NORMAL,PROCESSING,SKU010,4,2026-10-07 04:27:34.762832,Courier B
ORD1144,Customer 019,2026-10-06 21:55:34.762832,NORMAL,RECEIVED,SKU008,5,2026-10-06 22:51:34.762832,Courier A
ORD1145,Customer 007,2026-10-06 21:00:34.762832,NORMAL,PICKING,SKU005,2,2026-10-07 05:07:34.762832,Courier B
ORD1146,Customer 006,2026-10-06 18:45:34.762832,NORMAL,PROCESSING,SKU003,4,2026-10-06 23:57:34.762832,Courier A
ORD1147,Customer 013,2026-10-06 17:00:34.762832,HIGH,RECEIVED,SKU001,4,2026-10-07 05:45:34.762832,Courier C
ORD1148,Customer 014,2026-10-06 21:29:34.762832,NORMAL,PICKING,SKU005,1,2026-10-06 21:08:34.762832,Courier C
ORD1149,Customer 012,2026-10-06 19:43:34.762832,NORMAL,PROCESSING,SKU002,4,2026-10-07 01:45:34.762832,Courier B
ORD1150,Customer 011,2026-10-06 18:40:34.762832,NORMAL,RECEIVED,SKU004,3,2026-10-07 05:32:34.762832,Courier B
ORD1151,Customer 012,2026-10-06 22:09:34.762832,HIGH,PICKING,SKU003,2,2026-10-07 08:08:34.762832,Courier C
ORD1152,Customer 003,2026-10-06 16:43:34.762832,NORMAL,STAGED,SKU003,4,2026-10-07 06:01:34.762832,Courier C
ORD1153,Customer 020,2026-10-06 19:52:34.762832,HIGH,RECEIVED,SKU006,3,2026-10-07 07:37:34.762832,Courier C
ORD1154,Customer 002,2026-10-06 20:18:34.762832,HIGH,PACKING,SKU006,5,2026-10-07 07:38:34.762832,Courier A
ORD1155,Customer 003,2026-10-06 18:45:34.762832,NORMAL,PACKING,SKU010,5,2026-10-06 22:55:34.762832,Courier B
ORD1156,Customer 019,2026-10-06 22:17:34.762832,NORMAL,STAGED,SKU004,3,2026-10-07 08:17:34.762832,Courier B
ORD1157,Customer 003,2026-10-06 19:47:34.762832,HIGH,PACKING,SKU009,2,2026-10-07 02:43:34.762832,Courier B
ORD1158,Customer 010,2026-10-06 22:30:34.764838,NORMAL,STAGED,SKU007,4,2026-10-07 03:24:34.764838,Courier B
ORD1159,Customer 004,2026-10-06 17:11:34.764838,NORMAL,STAGED,SKU009,4,2026-10-07 06:02:34.764838,Courier A
ORD1160,Customer 012,2026-10-06 20:45:34.764838,HIGH,RECEIVED,SKU005,4,2026-10-07 07:41:34.764838,Courier A
ORD1161,Customer 017,2026-10-06 21:01:34.764838,NORMAL,RECEIVED,SKU002,4,2026-10-07 02:41:34.764838,Courier B
ORD1162,Customer 007,2026-10-06 16:30:34.764838,HIGH,PICKING,SKU004,2,2026-10-07 07:54:34.764838,Courier C
ORD1163,Customer 017,2026-10-06 21:42:34.764838,NORMAL,STAGED,SKU001,3,2026-10-07 02:31:34.764838,Courier C
ORD1164,Customer 020,2026-10-06 17:34:34.764838,HIGH,PICKING,SKU003,4,2026-10-07 04:59:34.764838,Courier B
ORD1165,Customer 015,2026-10-06 17:08:34.764838,HIGH,PACKING,SKU004,5,2026-10-07 05:48:34.764838,Courier B
ORD1166,Customer 010,2026-10-06 17:08:34.764838,NORMAL,PROCESSING,SKU007,5,2026-10-06 23:43:34.764838,Courier B
ORD1167,Customer 002,2026-10-06 17:26:34.764838,NORMAL,RECEIVED,SKU008,3,2026-10-07 01:38:34.764838,Courier A
ORD1168,Customer 006,2026-10-06 16:53:34.764838,NORMAL,PROCESSING,SKU005,4,2026-10-07 03:12:34.764838,Courier B
ORD1169,Customer 012,2026-10-06 21:05:34.764838,HIGH,STAGED,SKU001,4,2026-10-07 01:43:34.764838,Courier A
ORD1170,Customer 001,2026-10-06 17:11:34.764838,NORMAL,PICKING,SKU006,1,2026-10-07 04:18:34.764838,Courier B
ORD1171,Customer 005,2026-10-06 23:04:34.764838,NORMAL,RECEIVED,SKU008,4,2026-10-07 02:55:34.764838,Courier C
ORD1172,Customer 020,2026-10-06 22:01:34.764838,HIGH,PICKING,SKU009,4,2026-10-07 02:46:34.764838,Courier C
ORD1173,Customer 020,2026-10-06 18:46:34.764838,HIGH,PACKING,SKU008,1,2026-10-07 05:56:34.764838,Courier A
ORD1174,Customer 005,2026-10-06 21:44:34.764838,HIGH,PICKING,SKU005,4,2026-10-07 07:02:34.764838,Courier A
ORD1175,Customer 017,2026-10-06 18:30:34.764838,NORMAL,STAGED,SKU006,1,2026-10-06 20:44:34.764838,Courier A
ORD1176,Customer 013,2026-10-06 20:33:34.764838,NORMAL,PICKING,SKU008,1,2026-10-07 07:24:34.764838,Courier B
ORD1177,Customer 008,2026-10-06 22:18:34.764838,NORMAL,PICKING,SKU002,5,2026-10-07 04:12:34.764838,Courier C
ORD1178,Customer 006,2026-10-06 22:35:34.764838,NORMAL,PROCESSING,SKU008,4,2026-10-07 00:04:34.764838,Courier A
ORD1179,Customer 010,2026-10-06 20:21:34.764838,NORMAL,RECEIVED,SKU004,1,2026-10-07 05:12:34.764838,Courier C
ORD1180,Customer 016,2026-10-06 20:58:34.764838,NORMAL,PROCESSING,SKU005,1,2026-10-06 23:38:34.764838,Courier C
ORD1181,Customer 011,2026-10-06 19:33:34.764838,NORMAL,PACKING,SKU005,1,2026-10-07 04:41:34.764838,Courier A
ORD1182,Customer 016,2026-10-06 20:29:34.764838,NORMAL,STAGED,SKU008,3,2026-10-07 04:25:34.764838,Courier B
ORD1183,Customer 020,2026-10-06 23:00:34.764838,NORMAL,RECEIVED,SKU003,5,2026-10-07 03:48:34.764838,Courier C
ORD1184,Customer 014,2026-10-06 17:25:34.764838,NORMAL,RECEIVED,SKU003,4,2026-10-06 20:28:34.764838,Courier B
ORD1185,Customer 009,2026-10-06 20:48:34.764838,NORMAL,PACKING,SKU001,1,2026-10-07 00:18:34.764838,Courier A
ORD1186,Customer 001,2026-10-06 23:12:34.764838,NORMAL,PACKING,SKU003,5,2026-10-07 08:01:34.764838,Courier B
ORD1187,Customer 012,2026-10-06 17:52:34.764838,HIGH,PROCESSING,SKU007,5,2026-10-06 21:30:34.764838,Courier B
ORD1188,Customer 003,2026-10-06 20:39:34.764838,NORMAL,PACKING,SKU010,2,2026-10-07 01:21:34.764838,Courier C
ORD1189,Customer 006,2026-10-06 23:04:34.764838,NORMAL,STAGED,SKU008,5,2026-10-07 00:20:34.764838,Courier B
ORD1190,Customer 007,2026-10-06 22:13:34.764838,NORMAL,PACKING,SKU010,3,2026-10-07 01:48:34.764838,Courier A
ORD1191,Customer 015,2026-10-06 18:46:34.764838,NORMAL,RECEIVED,SKU002,3,2026-10-07 04:14:34.764838,Courier A
ORD1192,Customer 006,2026-10-06 17:12:34.764838,HIGH,PROCESSING,SKU006,5,2026-10-07 04:21:34.764838,Courier B
ORD1193,Customer 018,2026-10-06 21:41:34.764838,NORMAL,STAGED,SKU010,3,2026-10-06 23:39:34.764838,Courier B
ORD1194,Customer 013,2026-10-06 16:44:34.764838,NORMAL,PACKING,SKU008,5,2026-10-07 04:01:34.764838,Courier A
ORD1195,Customer 015,2026-10-06 17:43:34.764838,NORMAL,STAGED,SKU008,5,2026-10-07 02:47:34.764838,Courier C
ORD1196,Customer 002,2026-10-06 22:00:34.764838,HIGH,PROCESSING,SKU002,5,2026-10-06 22:08:34.764838,Courier B
ORD1197,Customer 017,2026-10-06 21:12:34.764838,NORMAL,STAGED,SKU005,1,2026-10-07 05:54:34.764838,Courier A
ORD1198,Customer 017,2026-10-06 21:38:34.764838,NORMAL,PROCESSING,SKU003,5,2026-10-07 05:41:34.764838,Courier C
ORD1199,Customer 002,2026-10-06 20:39:34.764838,HIGH,STAGED,SKU001,1,2026-10-07 05:46:34.764838,Courier C
ORD1200,Customer 001,2026-10-06 20:05:34.764838,NORMAL,PICKING,SKU008,5,2026-10-07 00:18:34.764838,Courier B
