order_id,courier,pickup_time,staging_location,tracking_id,pickup_status
ORD1001,Courier B,2026-10-07 00:30:34.771043,B-02,TRK1001,READY
ORD1002,Courier B,2026-10-07 01:17:34.771043,B-08,TRK1002,READY
ORD1003,Courier C,2026-10-06 16:34:34.771043,A-06,TRK1003,PICKED_UP
ORD1004,Courier B,2026-10-06 21:00:34.771043,B-03,TRK1004,PICKED_UP
ORD1005,Courier A,2026-10-07 02:29:34.771043,B-02,TRK1005,SCHEDULED
ORD1006,Courier A,2026-10-06 16:05:34.771043,A-05,TRK1006,PICKED_UP
ORD1007,Courier A,2026-10-07 00:38:34.771043,B-10,TRK1007,READY
ORD1008,Courier A,2026-10-07 01:08:34.771043,B-09,TRK1008,READY
ORD1009,Courier B,2026-10-06 15:05:34.771043,A-02,TRK1009,PICKED_UP
ORD1010,Courier A,2026-10-07 03:51:34.771043,C-06,TRK1010,SCHEDULED
ORD1011,Courier C,2026-10-06 22:20:34.771043,C-08,TRK1011,SCHEDULED
ORD1012,Courier A,2026-10-06 23:50:34.771043,B-03,TRK1012,READY
ORD1013,Courier B,2026-10-07 00:05:34.771043,B-01,TRK1013,SCHEDULED
ORD1014,Courier A,2026-10-07 04:52:34.771043,B-09,TRK1014,SCHEDULED
ORD1015,Courier B,2026-10-06 21:12:34.771043,C-05,TRK1015,PICKED_UP
ORD1016,Courier A,2026-10-06 16:45:34.771043,B-06,TRK1016,PICKED_UP
ORD1017,Courier B,2026-10-07 01:32:34.771043,A-04,TRK1017,READY
ORD1018,Courier C,2026-10-07 06:41:34.771043,A-01,TRK1018,SCHEDULED
ORD1019,Courier B,2026-10-07 05:28:34.771043,C-08,TRK1019,SCHEDULED
ORD1020,Courier B,2026-10-07 06:07:34.771043,C-06,TRK1020,SCHEDULED
ORD1021,Courier B,2026-10-07 02:00:34.771043,C-06,TRK1021,READY
ORD1022,Courier C,2026-10-07 07:21:34.771043,B-10,TRK1022,SCHEDULED
ORD1023,Courier B,2026-10-06 17:30:34.771043,B-02,TRK1023,PICKED_UP
ORD1024,Courier C,2026-10-07 00:57:34.771043,C-01,TRK1024,READY
ORD1025,Courier C,2026-10-07 01:57:34.771043,C-10,TRK1025,SCHEDULED
ORD1026,Courier B,2026-10-07 01:27:34.771043,A-09,TRK1026,READY
ORD1027,Courier A,2026-10-07 06:27:34.771043,C-04,TRK1027,SCHEDULED
ORD1028,Courier A,2026-10-07 02:46:34.771043,A-08,TRK1028,SCHEDULED
ORD1029,Courier C,2026-10-07 01:50:34.771043,A-07,TRK1029,READY
ORD1030,Courier C,2026-10-07 02:02:34.771043,C-01,TRK1030,READY
ORD1031,Courier A,2026-10-06 14:47:34.771043,C-06,TRK1031,PICKED_UP
ORD1032,Courier B,2026-10-07 02:06:34.771043,B-03,TRK1032,READY
ORD1033,Courier B,2026-10-07 00:57:34.771043,C-06,TRK1033,READY
ORD1034,Courier C,2026-10-06 17:45:34.771043,B-04,TRK1034,PICKED_UP
ORD1035,Courier B,2026-10-06 18:36:34.771043,A-05,TRK1035,PICKED_UP
ORD1036,Courier C,2026-10-07 02:13:34.771043,B-06,TRK1036,READY
ORD1037,Courier C,2026-10-07 06:54:34.771043,B-05,TRK1037,SCHEDULED
ORD1038,Courier B,2026-10-06 20:02:34.771043,B-06,TRK1038,PICKED_UP
ORD1039,Courier A,2026-10-07 05:01:34.771043,B-02,TRK1039,SCHEDULED
ORD1040,Courier B,2026-10-07 07:54:34.771043,C-08,TRK1040,SCHEDULED
ORD1041,Courier B,2026-10-07 06:07:34.771043,C-05,TRK1041,SCHEDULED
ORD1042,Courier C,2026-10-07 05:34:34.771043,A-04,TRK1042,SCHEDULED
ORD1043,Courier C,2026-10-07 04:05:34.771043,A-01,TRK1043,SCHEDULED
ORD1044,Courier B,2026-10-07 06:19:34.771043,A-03,TRK1044,SCHEDULED
ORD1045,Courier A,2026-10-07 00:41:34.771043,B-08,TRK1045,READY
ORD1046,Courier B,2026-10-07 00:12:34.771043,B-05,TRK1046,READY
ORD1047,Courier C,2026-10-06 23:59:34.771043,C-04,TRK1047,READY
ORD1048,Courier A,2026-10-06 21:27:34.771043,B-03,TRK1048,PICKED_UP
ORD1049,Courier B,2026-10-06 17:24:34.771043,B-03,TRK1049,PICKED_UP
ORD1050,Courier A,2026-10-07 00:17:34.771043,A-05,TRK1050,READY
ORD1051,Courier B,2026-10-06 14:24:34.771043,B-08,TRK1051,PICKED_UP
ORD1052,Courier A,2026-10-07 07:27:34.771043,C-08,TRK1052,SCHEDULED
ORD1053,Courier B,2026-10-07 00:37:34.771043,A-08,TRK1053,READY
ORD1054,Courier A,2026-10-06 19:09:34.771043,C-06,TRK1054,PICKED_UP
ORD1055,Courier C,2026-10-06 17:15:34.771043,C-07,TRK1055,PICKED_UP
ORD1056,Courier B,2026-10-07 02:50:34.771043,C-02,TRK1056,SCHEDULED
ORD1057,Courier B,2026-10-07 02:48:34.771043,A-01,TRK1057,SCHEDULED
ORD1058,Courier B,2026-10-07 02:16:34.771043,B-05,TRK1058,READY
ORD1059,Courier A,2026-10-07 00:05:34.771043,B-06,TRK1059,READY
ORD1060,Courier C,2026-10-07 05:03:34.771043,A-08,TRK1060,SCHEDULED
ORD1061,Courier C,2026-10-07 01:05:34.771043,C-05,TRK1061,READY
ORD1062,Courier B,2026-10-07 02:50:34.771043,C-04,TRK1062,SCHEDULED
ORD1063,Courier A,2026-10-07 06:55:34.771043,B-10,TRK1063,SCHEDULED
ORD1064,Courier B,2026-10-06 20:47:34.771043,C-04,TRK1064,PICKED_UP
ORD1065,Courier B,2026-10-07 05:27:34.771043,C-06,TRK1065,SCHEDULED
ORD1066,Courier A,2026-10-07 05:29:34.771043,C-09,TRK1066,SCHEDULED
ORD1067,Courier A,2026-10-07 00:42:34.771043,B-09,TRK1067,READY
ORD1068,Courier C,2026-10-07 05:48:34.771043,C-08,TRK1068,SCHEDULED
ORD1069,Courier A,2026-10-07 01:46:34.771043,B-03,TRK1069,READY
ORD1070,Courier C,2026-10-07 01:08:34.771043,A-09,TRK1070,READY
ORD1071,Courier C,2026-10-07 02:07:34.771043,A-07,TRK1071,SCHEDULED
ORD1072,Courier A,2026-10-07 04:04:34.771043,C-02,TRK1072,SCHEDULED
ORD1073,Courier A,2026-10-06 20:21:34.771043,C-01,TRK1073,PICKED_UP
ORD1074,Courier B,2026-10-07 07:28:34.771043,A-05,TRK1074,SCHEDULED
ORD1075,Courier C,2026-10-07 04:48:34.771043,C-07,TRK1075,SCHEDULED
ORD1076,Courier B,2026-10-07 02:08:34.771043,B-02,TRK1076,READY
ORD1077,Courier A,2026-10-07 05:45:34.771043,C-06,TRK1077,SCHEDULED
ORD1078,Courier C,2026-10-06 22:01:34.771043,A-04,TRK1078,PICKED_UP
ORD1079,Courier B,2026-10-07 01:27:34.771043,C-09,TRK1079,READY
ORD1080,Courier A,2026-10-07 03:32:34.771043,A-08,TRK1080,SCHEDULED
ORD1081,Courier C,2026-10-06 15:41:34.771043,A-01,TRK1081,PICKED_UP
ORD1082,Courier A,2026-10-07 05:22:34.771043,A-04,TRK1082,SCHEDULED
ORD1083,Courier B,2026-10-07 01:45:34.771043,C-01,TRK1083,SCHEDULED
ORD1084,Courier B,2026-10-07 08:09:34.771043,A-09,TRK1084,SCHEDULED
ORD1085,Courier A,2026-10-06 18:28:34.771043,A-09,TRK1085,PICKED_UP
ORD1086,Courier C,2026-10-07 01:12:34.771043,C-06,TRK1086,READY
ORD1087,Courier A,2026-10-06 18:54:34.771043,B-03,TRK1087,PICKED_UP
ORD1088,Courier B,2026-10-07 00:34:34.771043,B-01,TRK1088,READY
ORD1089,Courier C,2026-10-07 00:02:34.771043,C-07,TRK1089,READY
ORD1090,Courier B,2026-10-06 16:36:34.771043,C-07,TRK1090,PICKED_UP
ORD1091,Courier B,2026-10-07 03:08:34.771043,B-03,TRK1091,SCHEDULED
ORD1092,Courier C,2026-10-06 17:26:34.771043,B-04,TRK1092,PICKED_UP
ORD1093,Courier C,2026-10-06 15:54:34.771043,A-08,TRK1093,PICKED_UP
ORD1094,Courier C,2026-10-07 03:33:34.771043,C-03,TRK1094,SCHEDULED
ORD1095,Courier B,2026-10-06 17:15:34.771043,C-02,TRK1095,PICKED_UP
ORD1096,Courier C,2026-10-07 05:03:34.771043,C-04,TRK1096,SCHEDULED
ORD1097,Courier C,2026-10-06 18:29:34.771043,C-01,TRK1097,PICKED_UP
ORD1098,Courier C,2026-10-07 03:15:34.771043,C-09,TRK1098,SCHEDULED
ORD1099,Courier B,2026-10-07 03:07:34.771043,B-01,TRK1099,SCHEDULED
ORD1100,Courier A,2026-10-06 18:55:34.771043,C-08,TRK1100,PICKED_UP
ORD1101,Courier A,2026-10-06 15:51:34.771043,C-06,TRK1101,PICKED_UP
ORD1102,Courier C,2026-10-07 03:52:34.771043,C-06,TRK1102,SCHEDULED
ORD1103,Courier B,2026-10-06 14:32:34.771043,B-02,TRK1103,PICKED_UP
ORD1104,Courier B,2026-10-07 01:56:34.771043,A-06,TRK1104,SCHEDULED
ORD1105,Courier A,2026-10-07 06:19:34.771043,C-03,TRK1105,SCHEDULED
ORD1106,Courier C,2026-10-07 02:41:34.771043,C-07,TRK1106,SCHEDULED
ORD1107,Courier A,2026-10-06 14:45:34.771043,B-10,TRK1107,PICKED_UP
ORD1108,Courier C,2026-10-07 07:51:34.771043,C-06,TRK1108,SCHEDULED
ORD1109,Courier C,2026-10-07 01:20:34.771043,C-08,TRK1109,READY
ORD1110,Courier A,2026-10-07 02:08:34.771043,A-09,TRK1110,READY
ORD1111,Courier C,2026-10-07 07:24:34.771043,A-09,TRK1111,SCHEDULED
ORD1112,Courier C,2026-10-07 00:49:34.771043,A-01,TRK1112,READY
ORD1113,Courier A,2026-10-07 05:49:34.771043,C-03,TRK1113,SCHEDULED
ORD1114,Courier B,2026-10-07 01:53:34.771043,A-10,TRK1114,READY
ORD1115,Courier C,2026-10-07 05:46:34.771043,B-01,TRK1115,SCHEDULED
ORD1116,Courier A,2026-10-07 02:07:34.771043,A-09,TRK1116,READY
ORD1117,Courier B,2026-10-06 15:29:34.771043,A-09,TRK1117,PICKED_UP
ORD1118,Courier A,2026-10-07 00:51:34.771043,A-02,TRK1118,READY
ORD1119,Courier A,2026-10-07 03:37:34.771043,C-09,TRK1119,SCHEDULED
ORD1120,Courier B,2026-10-06 14:44:34.771043,A-06,TRK1120,PICKED_UP
ORD1121,Courier A,2026-10-07 08:14:34.771043,C-04,TRK1121,SCHEDULED
ORD1122,Courier A,2026-10-07 04:44:34.771043,C-01,TRK1122,SCHEDULED
ORD1123,Courier C,2026-10-07 00:33:34.771043,B-01,TRK1123,READY
ORD1124,Courier A,2026-10-07 01:14:34.771043,B-07,TRK1124,READY
ORD1125,Courier C,2026-10-06 19:07:34.771043,A-09,TRK1125,PICKED_UP
ORD1126,Courier C,2026-10-07 02:03:34.771043,C-08,TRK1126,SCHEDULED
ORD1127,Courier B,2026-10-07 00:35:34.771043,C-10,TRK1127,READY
ORD1128,Courier B,2026-10-07 01:31:34.771043,A-04,TRK1128,READY
ORD1129,Courier A,2026-10-07 02:15:34.771043,B-03,TRK1129,READY
ORD1130,Courier B,2026-10-07 08:07:34.771043,C-09,TRK1130,SCHEDULED
ORD1131,Courier A,2026-10-07 01:18:34.771043,C-02,TRK1131,READY
ORD1132,Courier A,2026-10-07 01:41:34.771043,A-07,TRK1132,SCHEDULED
ORD1133,Courier C,2026-10-07 07:40:34.771043,C-10,TRK1133,SCHEDULED
ORD1134,Courier A,2026-10-06 14:49:34.771043,C-05,TRK1134,PICKED_UP
ORD1135,Courier A,2026-10-06 16:09:34.771043,B-09,TRK1135,PICKED_UP
ORD1136,Courier C,2026-10-07 05:38:34.771043,C-07,TRK1136,SCHEDULED
ORD1137,Courier A,2026-10-07 02:44:34.771043,C-02,TRK1137,SCHEDULED
ORD1138,Courier C,2026-10-07 01:11:34.771043,C-03,TRK1138,READY
ORD1139,Courier B,2026-10-07 03:48:34.771043,A-02,TRK1139,SCHEDULED
ORD1140,Courier B,2026-10-07 02:47:34.771043,B-02,TRK1140,SCHEDULED
ORD1141,Courier B,2026-10-07 00:16:34.771043,C-09,TRK1141,READY
ORD1142,Courier A,2026-10-07 01:13:34.771043,A-06,TRK1142,READY
ORD1143,Courier B,2026-10-07 00:11:34.771043,A-05,TRK1143,READY
ORD1144,Courier C,2026-10-07 00:33:34.771043,C-04,TRK1144,READY
ORD1145,Courier C,2026-10-07 03:37:34.771043,B-03,TRK1145,SCHEDULED
ORD1146,Courier B,2026-10-07 03:46:34.771043,A-02,TRK1146,SCHEDULED
ORD1147,Courier B,2026-10-07 03:06:34.771043,B-02,TRK1147,SCHEDULED
ORD1148,Courier C,2026-10-07 01:47:34.771043,B-10,TRK1148,READY
ORD1149,Courier A,2026-10-07 04:41:34.771043,A-05,TRK1149,SCHEDULED
ORD1150,Courier C,2026-10-07 01:40:34.771043,B-06,TRK1150,READY
ORD1151,Courier C,2026-10-07 06:04:34.771043,C-03,TRK1151,SCHEDULED
ORD1152,Courier A,2026-10-07 04:40:34.771043,B-06,TRK1152,SCHEDULED
ORD1153,Courier B,2026-10-06 19:00:34.771043,C-08,TRK1153,PICKED_UP
ORD1154,Courier B,2026-10-07 05:32:34.771043,B-07,TRK1154,SCHEDULED
ORD1155,Courier C,2026-10-07 02:10:34.771043,C-03,TRK1155,READY
ORD1156,Courier A,2026-10-06 18:52:34.771043,C-08,TRK1156,PICKED_UP
ORD1157,Courier B,2026-10-06 15:37:34.771043,C-02,TRK1157,PICKED_UP
ORD1158,Courier B,2026-10-07 06:29:34.771043,A-05,TRK1158,SCHEDULED
ORD1159,Courier C,2026-10-07 05:50:34.771043,B-07,TRK1159,SCHEDULED
ORD1160,Courier C,2026-10-07 01:37:34.771043,B-09,TRK1160,READY
ORD1161,Courier C,2026-10-07 02:07:34.771043,A-06,TRK1161,READY
ORD1162,Courier C,2026-10-07 03:02:34.771043,C-02,TRK1162,SCHEDULED
ORD1163,Courier C,2026-10-07 00:01:34.771043,B-03,TRK1163,READY
ORD1164,Courier C,2026-10-06 16:30:34.771043,C-07,TRK1164,PICKED_UP
ORD1165,Courier B,2026-10-07 02:52:34.771043,A-01,TRK1165,SCHEDULED
ORD1166,Courier C,2026-10-07 02:17:34.771043,C-09,TRK1166,READY
ORD1167,Courier A,2026-10-07 08:03:34.771043,B-06,TRK1167,SCHEDULED
ORD1168,Courier C,2026-10-07 01:50:34.771043,C-09,TRK1168,SCHEDULED
ORD1169,Courier A,2026-10-06 21:13:34.771043,B-07,TRK1169,PICKED_UP
ORD1170,Courier C,2026-10-07 05:10:34.771043,A-06,TRK1170,SCHEDULED
ORD1171,Courier A,2026-10-07 01:48:34.771043,C-08,TRK1171,SCHEDULED
ORD1172,Courier C,2026-10-07 03:22:34.771043,C-08,TRK1172,SCHEDULED
ORD1173,Courier C,2026-10-06 20:37:34.771043,A-01,TRK1173,PICKED_UP
ORD1174,Courier A,2026-10-07 02:11:34.771043,C-04,TRK1174,READY
ORD1175,Courier A,2026-10-07 01:48:34.771043,B-09,TRK1175,READY
ORD1176,Courier A,2026-10-07 06:47:34.771043,B-03,TRK1176,SCHEDULED
ORD1177,Courier B,2026-10-06 14:43:34.771043,A-10,TRK1177,PICKED_UP
ORD1178,Courier B,2026-10-07 00:42:34.771043,B-01,TRK1178,READY
ORD1179,Courier B,2026-10-07 02:07:34.771043,C-02,TRK1179,READY
ORD1180,Courier A,2026-10-07 01:36:34.771043,B-06,TRK1180,SCHEDULED
ORD1181,Courier C,2026-10-06 16:42:34.771043,B-09,TRK1181,PICKED_UP
ORD1182,Courier B,2026-10-07 01:19:34.771043,C-07,TRK1182,READY
ORD1183,Courier B,2026-10-07 07:05:34.771043,B-10,TRK1183,SCHEDULED
ORD1184,Courier B,2026-10-07 02:40:34.771043,C-10,TRK1184,SCHEDULED
ORD1185,Courier A,2026-10-07 04:04:34.771043,A-05,TRK1185,SCHEDULED
ORD1186,Courier A,2026-10-07 00:25:34.771043,C-07,TRK1186,READY
ORD1187,Courier C,2026-10-07 06:54:34.771043,B-07,TRK1187,SCHEDULED
ORD1188,Courier C,2026-10-07 01:55:34.771043,C-03,TRK1188,READY
ORD1189,Courier B,2026-10-07 04:59:34.771043,A-03,TRK1189,SCHEDULED
ORD1190,Courier A,2026-10-07 00:39:34.771043,B-01,TRK1190,READY
ORD1191,Courier B,2026-10-07 01:34:34.771043,C-09,TRK1191,READY
ORD1192,Courier C,2026-10-07 01:43:34.771043,B-07,TRK1192,READY
ORD1193,Courier B,2026-10-07 00:46:34.771043,A-02,TRK1193,READY
ORD1194,Courier B,2026-10-07 03:30:34.771043,A-05,TRK1194,SCHEDULED
ORD1195,Courier B,2026-10-07 00:18:34.771043,C-08,TRK1195,READY
ORD1196,Courier C,2026-10-06 16:46:34.771043,A-05,TRK1196,PICKED_UP
ORD1197,Courier A,2026-10-07 01:38:34.771043,C-08,TRK1197,READY
ORD1198,Courier A,2026-10-07 01:48:34.771043,C-04,TRK1198,SCHEDULED
ORD1199,Courier B,2026-10-07 00:20:34.771043,B-02,TRK1199,READY
ORD1200,Courier A,2026-10-07 01:39:34.771043,A-10,TRK1200,READY
